,event_number,event_start,event_end,stations_selected,corr_a_km,corr_b,selections
0,8,2017082112,2017082212,"['1010', '16005', '16006', '16007', '16008', '16010', '16011', '16013', '16014', '16015', '16016', '16017', '16018', '16019', '16020', '16021', '16022', '16023', '16024', '16025', '16026', '16027', '16028', '16029', '16030', '16031', '16032', '16033', '16034', '16035', '16036', '16037', '16038', '16039', '16040', '16042', '16043', '16044', '16045', '16046', '16047', '16048', '16049', '16050', '16051', '16053', '16054', '16055', '16057', '16060', '16062', '16063', '16064', '16066', '16068', '16069', '16070', '16071', '16072', '16073', '16076', '16077', '16078', '16081', '16083', '16084', '16085', '16088', '16090', '16093', '16094', '16095', '16096', '16098', '1720', '2420', '2440', '2460', '2520', '2540', '2600', '2610', '2620', '2630', '2640', '2650', '2700', '2710', '2720', '2730', '2740', '2800', '2840', '2890', '2900', '3000', '3600', '3620', '3640', '3660', '3680', '3690', '3720', '3740', '3770', '3800', '3810', '3820', '3860', '3880', '3900', '3920', '3940', '3980', '4000', '4040', '4060', '4080', '4150', '4160', '4200', '5100', '5110', '5170', '5200', '5400', '5600', '5700', '5800', '5900', '6000', '7000', '7050', '7060']",20.532791565121332,1.2748388369698667,"['1010', '16005', '16006', '16007', '16008', '16010', '16011', '16013', '16014', '16015', '16016', '16017', '16018', '16019', '16020', '16021', '16022', '16023', '16024', '16025', '16026', '16027', '16028', '16029', '16030', '16031', '16032', '16033', '16034', '16035', '16036', '16037', '16038', '16039', '16040', '16042', '16043', '16044', '16045', '16046', '16047', '16048', '16049', '16050', '16051', '16053', '16054', '16055', '16057', '16060', '16062', '16063', '16064', '16066', '16068', '16069', '16070', '16071', '16072', '16073', '16076', '16077', '16078', '16081', '16083', '16084', '16085', '16088', '16090', '16093', '16094', '16095', '16096', '16098', '1720', '2420', '2440', '2460', '2520', '2540', '2600', '2610', '2620', '2630', '2640', '2650', '2700', '2710', '2720', '2730', '2740', '2800', '2840', '2890', '2900', '3000', '3600', '3620', '3640', '3660', '3680', '3690', '3720', '3740', '3770', '3800', '3810', '3820', '3860', '3880', '3900', '3920', '3940', '3980', '4000', '4040', '4060', '4080', '4150', '4160', '4200', '5100', '5110', '5170', '5200', '5400', '5600', '5700', '5800', '5900', '6000', '7000', '7050', '7060']"
