,event_number,corr_a_km,corr_b,selections
0,1,146.56656190395816,1.5969708029274223,[]
