,event_number,corr_a_km,corr_b,selections
0,2,15.336734582343128,0.6837997945776615,[]
